variable,trend,p_value,tau,slope_sen
annual_precip_mm,increasing,0.008123423304273514,0.6363636363636364,127.04403112883149
DJF_mm,increasing,0.008123423304273514,0.6363636363636364,64.97387532482712
MAM_mm,increasing,0.02927250918630464,0.5272727272727272,33.34701318013073
JJA_mm,no trend,0.11947098677170076,0.38181818181818183,30.942680995826635
SON_mm,no trend,0.8762696636277618,0.05454545454545454,19.93921201663568
